suite,query,selected_rows,fallback_rows,selected_row_fraction,selected_batches,fallback_batches,r1_off_ms,r1_on_ms,r2_off_ms,r2_on_ms
clickbench,q0,0,0,0.0,0,0,1.94,2.19,2.49,6.9
clickbench,q1,0,1357750,0.0,0,180,29.72,34.31,31.54,31.67
clickbench,q2,0,0,0.0,0,0,48.11,56.3,52.31,54.51
clickbench,q4,0,0,0.0,0,0,403.74,315.18,407.36,317.67
clickbench,q5,0,0,0.0,0,0,472.68,465.34,494.85,466.99
clickbench,q6,0,0,0.0,0,0,2.17,2.47,2.36,2.3
clickbench,q7,0,1357750,0.0,0,180,36.61,38.1,39.43,37.44
clickbench,q8,0,0,0.0,0,0,466.81,440.4,448.88,402.28
clickbench,q9,0,0,0.0,0,0,550.94,512.45,538.96,503.16
clickbench,q10,0,11912740,0.0,0,1655,188.73,182.95,211.93,182.7
clickbench,q11,0,11912740,0.0,0,1655,193.9,196.44,238.7,190.8
clickbench,q12,0,65491130,0.0,0,8500,542.56,526.65,578.06,541.89
clickbench,q13,0,65491130,0.0,0,8500,674.43,663.03,694.57,697.66
clickbench,q14,0,65491130,0.0,0,8500,526.11,535.48,555.94,557.69
clickbench,q15,0,0,0.0,0,0,364.92,351.93,383.06,382.51
clickbench,q16,0,0,0.0,0,0,1104.19,804.56,887.47,947.06
clickbench,q17,0,0,0.0,0,0,890.82,733.31,763.08,856.33
clickbench,q18,0,0,0.0,0,0,3694.9,3647.92,3301.06,3534.88
clickbench,q19,0,0,0.0,0,0,68.78,67.63,67.69,69.83
clickbench,q20,0,0,0.0,0,0,618.75,615.75,594.74,526.5
clickbench,q21,0,65491130,0.0,0,8500,728.33,754.03,662.03,668.61
clickbench,q22,0,65491130,0.0,0,8500,1443.02,1522.98,1391.56,1418.03
clickbench,q23,0,1451665,0.0,0,187,448.63,469.62,465.87,449.49
clickbench,q24,0,46142294,0.0,0,5949,265.97,284.66,272.68,268.78
clickbench,q25,0,65491130,0.0,0,8500,270.63,259.65,258.68,259.44
clickbench,q26,0,45258475,0.0,0,5840,295.55,304.55,298.04,305.24
clickbench,q27,0,0,0.0,0,0,685.79,652.64,643.32,639.31
clickbench,q28,0,405163680,0.0,0,50055,1890.5,1974.01,1961.74,1912.69
clickbench,q29,0,0,0.0,0,0,87.46,83.79,76.64,92.14
clickbench,q30,65491130,0,1.0,8500,0,392.94,425.77,420.48,426.62
clickbench,q31,65491130,0,1.0,8500,0,396.56,419.92,457.08,406.16
clickbench,q32,0,0,0.0,0,0,5097.35,4968.6,5459.31,5568.66
clickbench,q33,0,0,0.0,0,0,2558.12,2636.59,2095.03,2330.69
clickbench,q34,0,0,0.0,0,0,3067.07,2595.66,2256.8,2240.06
clickbench,q35,0,0,0.0,0,0,353.54,309.79,297.73,310.43
clickbench,q36,0,9571655,0.0,0,1180,158.61,179.97,164.35,182.55
clickbench,q37,0,9515845,0.0,0,1175,111.27,117.03,122.68,122.8
clickbench,q38,0,392620,0.0,0,50,92.01,104.57,109.74,107.01
clickbench,q39,0,0,0.0,0,0,233.24,273.82,260.7,252.61
clickbench,q40,0,3164475,0.0,0,405,59.38,88.2,72.42,78.92
clickbench,q41,513380,6214130,0.076311,75,765,58.73,63.29,75.69,73.48
clickbench,q42,3357595,2856535,0.540316,415,350,45.64,58.19,58.45,56.16
tpcds,q1,0,2613477,0.0,0,364,255.22,226.22,,
tpcds,q2,0,0,0.0,0,0,533.71,593.94,,
tpcds,q3,0,4652709,0.0,0,703,491.26,521.47,,
tpcds,q4,0,11202494,0.0,0,1450,867.63,852.68,,
tpcds,q5,0,30294211,0.0,0,3870,189.53,222.8,,
tpcds,q6,0,0,0.0,0,0,192.82,180.09,,
tpcds,q7,0,5579912,0.0,0,736,177.66,185.16,,
tpcds,q8,0,7944033,0.0,0,1028,150.85,141.11,,
tpcds,q9,0,330088267,0.0,0,42211,615.3,690.01,,
tpcds,q10,0,0,0.0,0,0,160.94,170.12,,
tpcds,q11,0,11187611,0.0,0,1445,484.47,477.62,,
tpcds,q12,0,30294,0.0,0,4,87.55,74.61,,
tpcds,q13,0,33388689,0.0,0,4304,209.89,213.65,,
tpcds,q14,0,249025836,0.0,0,31904,2016.55,2086.38,,
tpcds,q15,0,0,0.0,0,0,144.05,156.69,,
tpcds,q16,0,12087,0.0,0,3,56.44,61.03,,
tpcds,q17,0,27673821,0.0,0,3540,272.61,286.56,,
tpcds,q18,0,505448,0.0,0,89,223.43,205.95,,
tpcds,q19,0,27535537,0.0,0,3525,165.84,143.81,,
tpcds,q20,0,72212,0.0,0,10,69.81,74.56,,
tpcds,q21,0,380522,0.0,0,51,303.4,297.65,,
tpcds,q22,0,0,0.0,0,0,2075.73,1942.55,,
tpcds,q23,0,317987974,0.0,0,40788,2286.64,2374.95,,
tpcds,q24,0,24,0.0,0,4,696.25,665.86,,
tpcds,q25,0,27766732,0.0,0,3563,248.46,274.18,,
tpcds,q26,0,137200,0.0,0,31,116.26,145.58,,
tpcds,q27,0,0,0.0,0,0,23.11,26.17,,
tpcds,q28,0,152656584,0.0,0,19694,720.77,580.62,,
tpcds,q29,0,27661922,0.0,0,3540,297.39,300.18,,
tpcds,q30,0,606228,0.0,0,86,107.27,113.26,,
tpcds,q31,0,1096698,0.0,0,141,405.93,457.07,,
tpcds,q32,0,0,0.0,0,0,82.66,74.47,,
tpcds,q33,0,454579,0.0,0,65,143.85,132.9,,
tpcds,q34,0,17786795,0.0,0,2345,146.9,144.34,,
tpcds,q35,0,1052234,0.0,0,148,248.84,253.57,,
tpcds,q36,0,24204681,0.0,0,3207,203.42,188.26,,
tpcds,q37,0,5020836,0.0,0,629,196.7,269.16,,
tpcds,q38,0,10813239,0.0,0,1408,247.9,266.9,,
tpcds,q39,0,0,0.0,0,0,2409.61,2470.65,,
tpcds,q40,0,114203,0.0,0,16,123.41,133.39,,
tpcds,q41,0,7937,0.0,0,1,81.21,74.26,,
tpcds,q42,0,1847,0.0,0,1,84.37,95.89,,
tpcds,q43,0,20894123,0.0,0,2768,131.79,128.31,,
tpcds,q44,0,0,0.0,0,0,167.79,157.33,,
tpcds,q45,0,0,0.0,0,0,119.41,126.52,,
tpcds,q46,0,121162,0.0,0,22,204.59,221.84,,
tpcds,q47,0,122019627,0.0,0,16176,970.73,772.4,,
tpcds,q48,0,33337740,0.0,0,4300,204.63,193.39,,
tpcds,q49,0,376073,0.0,0,50,195.4,172.8,,
tpcds,q50,0,54361978,0.0,0,6823,356.35,336.7,,
tpcds,q51,0,10942526,0.0,0,1408,453.38,446.36,,
tpcds,q52,0,1847,0.0,0,1,84.52,96.58,,
tpcds,q53,0,32853031,0.0,0,4221,138.06,146.64,,
tpcds,q54,0,10063,0.0,0,2,66.69,75.94,,
tpcds,q55,0,0,0.0,0,0,83.49,97.78,,
tpcds,q56,0,40956,0.0,0,12,143.41,126.96,,
tpcds,q57,0,0,0.0,0,0,536.02,555.89,,
tpcds,q58,0,55009066,0.0,0,7032,273.43,243.53,,
tpcds,q59,0,108723956,0.0,0,13646,369.84,368.8,,
tpcds,q60,0,576172,0.0,0,79,137.54,136.4,,
tpcds,q61,0,74835,0.0,0,15,33.44,33.66,,
tpcds,q62,0,1433773,0.0,0,201,95.8,89.96,,
tpcds,q63,0,32853031,0.0,0,4221,143.71,144.07,,
tpcds,q64,0,133623792,0.0,0,17962,1411.58,1263.57,,
tpcds,q65,0,71166767,0.0,0,9144,397.41,327.01,,
tpcds,q66,0,410296,0.0,0,73,157.58,155.15,,
tpcds,q67,0,38190043,0.0,0,4924,4182.8,4808.95,,
tpcds,q68,0,100292,0.0,0,19,216.03,226.36,,
tpcds,q69,0,96840,0.0,0,30,201.89,178.15,,
tpcds,q70,0,65051681,0.0,0,8436,246.13,249.15,,
tpcds,q71,0,175773,0.0,0,24,123.25,128.34,,
tpcds,q72,0,68749446,0.0,0,9047,1334.55,1384.99,,
tpcds,q73,0,0,0.0,0,0,46.33,52.04,,
tpcds,q74,0,11187611,0.0,0,1445,371.3,381.43,,
tpcds,q75,0,13167671,0.0,0,2170,487.29,559.64,,
tpcds,q76,0,28801695,0.0,0,3986,238.25,245.59,,
tpcds,q77,0,30982317,0.0,0,3958,158.84,148.78,,
tpcds,q78,0,5519337,0.0,0,709,744.05,781.85,,
tpcds,q79,0,25360102,0.0,0,3285,188.69,191.55,,
tpcds,q80,0,28090596,0.0,0,3593,211.47,205.33,,
tpcds,q81,0,749498,0.0,0,103,180.49,175.31,,
tpcds,q82,0,5670390,0.0,0,712,308.56,277.08,,
tpcds,q83,0,6928992,0.0,0,880,105.35,104.35,,
tpcds,q84,0,98326,0.0,0,16,117.54,113.17,,
tpcds,q85,0,1899345,0.0,0,314,198.37,193.53,,
tpcds,q86,0,0,0.0,0,0,64.93,68.46,,
tpcds,q87,0,10813239,0.0,0,1408,308.84,280.15,,
tpcds,q88,0,1223400,0.0,0,224,352.88,356.22,,
tpcds,q89,0,32902621,0.0,0,4221,161.99,154.45,,
tpcds,q90,0,70,0.0,0,4,57.6,57.96,,
tpcds,q91,0,597965,0.0,0,82,90.96,90.21,,
tpcds,q92,0,0,0.0,0,0,75.5,68.24,,
tpcds,q93,0,1,0.0,0,1,233.79,225.75,,
tpcds,q94,0,20053,0.0,0,6,121.04,144.13,,
tpcds,q95,0,20855205,0.0,0,2586,300.29,303.7,,
tpcds,q96,0,152925,0.0,0,28,92.96,91.98,,
tpcds,q97,0,5471263,0.0,0,704,208.64,205.55,,
tpcds,q98,0,30294,0.0,0,4,140.02,130.27,,
tpcds,q99,0,1259615,0.0,0,165,154.83,172.96,,
